,path,label,score,detectron
0,eu-car-dataset/images/mini_cooper_2015/24114_5_d723d90a-5085-437c-bde2-e2dc3f27a3ff_ef19c2db-9b92-416a-bc56-d008b7d4b498.jpg,no_auto,0.9999955892562866,
1,eu-car-dataset/images/mini_cooper_2015/24116_5_955233ff-d812-4bed-a75c-0b88198fa203_e8abb9d4-e19e-44e0-aa09-c2c8d994f526.jpg,no_auto,0.9999347925186157,
2,eu-car-dataset/images/mini_cooper_2015/24108_12_ce88bb17-abf4-449b-b4f7-5167719bd281_43f58d3e-5d91-45b6-9c49-00468d648f93.jpg,auto,0.9656512141227722,
3,eu-car-dataset/images/mini_cooper_2015/24113_2_711fbb49-3a52-404a-a318-e8a044d5e6db_7e690041-9d8b-4b10-ba1b-ba2405dd41ab.jpg,auto,0.988362729549408,
4,eu-car-dataset/images/mini_cooper_2015/24110_2_c8e6d125-b1bc-4940-b0ac-c969c17aa7f1_6ee9a7cb-4fe0-4662-a50f-b0808579bbb7.jpg,auto,0.9842410683631897,
5,eu-car-dataset/images/mini_cooper_2015/24100_15_1aafb523-7be8-4214-a5d2-7dc300a150a9_e5e865d4-87d4-420d-aa4f-f5ce137817a8.jpg,no_auto,0.9369598627090454,
6,eu-car-dataset/images/mini_cooper_2015/24107_2_b7ad36ef-caef-4e62-aab2-96910da717f0_b5ceac40-4ff2-4cec-b4e3-b526acc06684.jpg,auto,0.9731738567352295,
7,eu-car-dataset/images/mini_cooper_2015/24122_2_4fe7af2d-5e77-9c71-e053-e350040a9045_0cdfad8f-e2d6-449f-824f-c9b65e547bcd.jpg,auto,0.9957003593444824,
8,eu-car-dataset/images/mini_cooper_2015/24115_2_1dc82687-5bdb-4817-9fab-f3bf7112057d_64326e4d-6e06-47de-9b79-33c478df056c.jpg,no_auto,0.9997325539588928,
9,eu-car-dataset/images/mini_cooper_2015/24116_2_955233ff-d812-4bed-a75c-0b88198fa203_a1d8ba1d-f191-4025-9148-99772e7ee1f6.jpg,auto,0.9975690245628357,
10,eu-car-dataset/images/mini_cooper_2015/24118_7_a3300028-7f87-4e1c-8718-6a1abacd84db_09c179df-3606-4c36-b5e7-06816f21f84e.jpg,auto,0.9640706181526184,
11,eu-car-dataset/images/mini_cooper_2015/24103_9_2ccddabd-bb75-4e05-ba52-3adffc7019d2_c8c9cff9-aeba-4255-9949-ec2e437a70de.jpg,no_auto,0.9998477697372437,
12,eu-car-dataset/images/mini_cooper_2015/24103_7_2ccddabd-bb75-4e05-ba52-3adffc7019d2_03c9c88e-e093-483c-9f36-27530d179b9a.jpg,no_auto,0.9996225833892822,
13,eu-car-dataset/images/mini_cooper_2015/24120_14_f7d6211c-d338-4d5a-b010-48314acc1de2_14cca241-f921-4385-8dbf-abca63fa761b.jpg,no_auto,0.9180973768234253,
14,eu-car-dataset/images/mini_cooper_2015/24123_4_95c71c8f-2a59-400d-90e0-6c726bbdb6f5_24874f43-6f4f-454e-8780-e80806e0c591.jpg,auto,0.9934160709381104,
15,eu-car-dataset/images/mini_cooper_2015/24111_4_86648566-32fa-6f59-e053-e350040aeb17_acdde3a8-fc25-4a10-8f33-7344d2b6cd46.jpg,no_auto,0.4430703818798065,
16,eu-car-dataset/images/mini_cooper_2015/24116_1_955233ff-d812-4bed-a75c-0b88198fa203_ab00a521-fe10-40e7-a528-9f08e3078eb5.jpg,auto,0.9967734217643738,
17,eu-car-dataset/images/mini_cooper_2015/24125_1_dd908502-f6c9-43ee-b89a-f18b2af52630_f16e6abb-9815-44b6-b5f7-de34b752bf04.jpg,auto,0.9963759779930115,
18,eu-car-dataset/images/mini_cooper_2015/24102_15_186bd97f-3e01-43fc-8dab-038232696b9e_3634f597-f414-4022-a487-bb066188e3c8.jpg,no_auto,0.9979015588760376,
19,eu-car-dataset/images/mini_cooper_2015/24115_5_1dc82687-5bdb-4817-9fab-f3bf7112057d_53a83fff-f47d-4370-b7c2-e6a9e287501e.jpg,no_auto,0.9993962049484253,
20,eu-car-dataset/images/mini_cooper_2015/24105_6_d6d0dd8c-bd2e-4412-8d12-376735e4800b_b011768d-875b-478d-aa24-18fe7c2c459b.jpg,no_auto,0.99985671043396,
21,eu-car-dataset/images/mini_cooper_2015/24101_7_fa15fa5d-c9cb-4d8d-819d-3a2cd0a73d25_c5b08ef4-a1c7-4311-9898-4305f7e0bfb1.jpg,auto,0.9936461448669434,
22,eu-car-dataset/images/mini_cooper_2015/24121_3_3402129c-c005-4f8f-bbbd-dcea1a65bb9a_61c70dbd-4d96-4287-a90d-1e44ae5e98d1.jpg,auto,0.9963907599449158,
23,eu-car-dataset/images/mini_cooper_2015/24126_6_b0a0aa51-fcfd-4abb-ae24-6f7d922f67f1_ad290581-cba8-4454-93a3-3954792f7577.jpg,no_auto,0.9999985694885254,
24,eu-car-dataset/images/mini_cooper_2015/24100_3_1aafb523-7be8-4214-a5d2-7dc300a150a9_3422ddd0-0789-4b41-ac7d-0af2eb290d40.jpg,auto,0.9976046085357666,
25,eu-car-dataset/images/mini_cooper_2015/24112_8_f400aab3-2123-44cc-944f-5336e01f7bd2_7c1e0018-b76c-4d13-af65-37a31c783e69.jpg,auto,0.99693763256073,
26,eu-car-dataset/images/mini_cooper_2015/24122_3_4fe7af2d-5e77-9c71-e053-e350040a9045_bf1bbdfc-444d-488d-adca-98578fb22832.jpg,auto,0.9995488524436951,
27,eu-car-dataset/images/mini_cooper_2015/24101_9_fa15fa5d-c9cb-4d8d-819d-3a2cd0a73d25_c1545949-f0fb-49c8-9292-09d8a6678542.jpg,no_auto,0.9940744042396545,
28,eu-car-dataset/images/mini_cooper_2015/24118_14_a3300028-7f87-4e1c-8718-6a1abacd84db_a4edb6f4-4c36-4bf9-b05e-a291178e5367.jpg,no_auto,0.8464300632476807,
29,eu-car-dataset/images/mini_cooper_2015/24113_13_711fbb49-3a52-404a-a318-e8a044d5e6db_77abc658-3b3d-412c-89e1-c9cea07f772b.jpg,no_auto,0.9995835423469543,
30,eu-car-dataset/images/mini_cooper_2015/24102_6_186bd97f-3e01-43fc-8dab-038232696b9e_d197532e-e67b-46cc-8c09-70993bfea6ea.jpg,no_auto,0.9999994039535522,
31,eu-car-dataset/images/mini_cooper_2015/24100_5_1aafb523-7be8-4214-a5d2-7dc300a150a9_ddb5daea-a4ab-48c4-8835-8a96cb24697d.jpg,no_auto,0.9961960315704346,
32,eu-car-dataset/images/mini_cooper_2015/24102_14_186bd97f-3e01-43fc-8dab-038232696b9e_163f2ad9-e5c3-4f43-8966-e6d2513bd318.jpg,no_auto,0.9993578791618347,
33,eu-car-dataset/images/mini_cooper_2015/24123_8_95c71c8f-2a59-400d-90e0-6c726bbdb6f5_604de261-8441-41b6-b1e5-e05217f9d2b6.jpg,auto,0.9650628566741943,
34,eu-car-dataset/images/mini_cooper_2015/24111_13_86648566-32fa-6f59-e053-e350040aeb17_d6d6eb95-a286-4b1e-8497-a955016b8b0d.jpg,no_auto,0.999996542930603,
35,eu-car-dataset/images/mini_cooper_2015/24115_9_1dc82687-5bdb-4817-9fab-f3bf7112057d_a576d56f-864b-46a3-bebe-bfaad6598ece.jpg,auto,0.9968019723892212,
36,eu-car-dataset/images/mini_cooper_2015/24102_3_186bd97f-3e01-43fc-8dab-038232696b9e_5dd0c061-53b9-4d85-864d-080e66f6ce84.jpg,auto,0.9945620894432068,
37,eu-car-dataset/images/mini_cooper_2015/24121_2_3402129c-c005-4f8f-bbbd-dcea1a65bb9a_28bbc25f-f6b4-4ad5-a155-4efc8b9b1b04.jpg,auto,0.9961590766906738,
38,eu-car-dataset/images/mini_cooper_2015/24117_5_8f2970e7-07e3-40e0-88c8-9dd069b9f459_f3fd2c9a-ec01-4e03-ab0e-d74de7654e67.jpg,no_auto,0.9999676942825317,
39,eu-car-dataset/images/mini_cooper_2015/24118_5_a3300028-7f87-4e1c-8718-6a1abacd84db_4da4dd64-5cb2-4e64-b5d6-d7fcd3b7c078.jpg,auto,0.9736778736114502,
40,eu-car-dataset/images/mini_cooper_2015/24111_14_86648566-32fa-6f59-e053-e350040aeb17_c5686c63-7d90-49f5-8860-1099c28292a6.jpg,no_auto,0.9989878535270691,
41,eu-car-dataset/images/mini_cooper_2015/24108_14_ce88bb17-abf4-449b-b4f7-5167719bd281_3f540c74-f827-43d4-a9ed-06f09710abf6.jpg,no_auto,0.9984508752822876,
42,eu-car-dataset/images/mini_cooper_2015/24104_6_e8d22028-f7ee-4b7c-a552-cc3a760dc90e_4ee88496-5bc4-4b9c-b6c9-b67041aca717.jpg,auto,0.9792971014976501,
43,eu-car-dataset/images/mini_cooper_2015/24107_6_b7ad36ef-caef-4e62-aab2-96910da717f0_2142824c-37e1-41dd-b835-2383c3949339.jpg,no_auto,0.9940615296363831,
44,eu-car-dataset/images/mini_cooper_2015/24110_6_c8e6d125-b1bc-4940-b0ac-c969c17aa7f1_51837b32-be0a-42e7-ae71-5e5919b8afee.jpg,no_auto,0.9999945163726807,
45,eu-car-dataset/images/mini_cooper_2015/24116_8_955233ff-d812-4bed-a75c-0b88198fa203_870cc93e-5abc-4cc5-a08e-ed721e1ca640.jpg,no_auto,0.9999535083770752,
46,eu-car-dataset/images/mini_cooper_2015/24120_8_f7d6211c-d338-4d5a-b010-48314acc1de2_620ba336-593b-424f-baf0-cf4c6af028f2.jpg,auto,0.9991416931152344,
47,eu-car-dataset/images/mini_cooper_2015/24127_10_773a10dc-e595-4d42-8e4f-53398988aceb_3467d1a0-3755-4990-84e5-8006e77af26c.jpg,no_auto,0.9999858140945435,
48,eu-car-dataset/images/mini_cooper_2015/24126_8_b0a0aa51-fcfd-4abb-ae24-6f7d922f67f1_ddcc6703-966e-483e-b4c4-7524292efb24.jpg,no_auto,0.9991405010223389,
49,eu-car-dataset/images/mini_cooper_2015/24113_10_711fbb49-3a52-404a-a318-e8a044d5e6db_85ca2fb2-0327-437d-ac60-834618152895.jpg,no_auto,0.9999923706054688,
50,eu-car-dataset/images/mini_cooper_2015/24109_3_10d23703-601d-4db7-b1a6-a7c608c561bd_6d84f7e0-c600-47c7-8e66-417402d9337a.jpg,auto,0.9609470963478088,
51,eu-car-dataset/images/mini_cooper_2015/24103_6_2ccddabd-bb75-4e05-ba52-3adffc7019d2_272ed530-f63f-44c9-a073-b42df37f6329.jpg,no_auto,0.9998038411140442,
52,eu-car-dataset/images/mini_cooper_2015/24120_12_f7d6211c-d338-4d5a-b010-48314acc1de2_0c4c9636-179b-4853-883a-5761001e1dd9.jpg,no_auto,0.9999405145645142,
53,eu-car-dataset/images/mini_cooper_2015/24108_4_ce88bb17-abf4-449b-b4f7-5167719bd281_4ed10f15-fbdd-4c2c-905f-ce4010675806.jpg,no_auto,0.9971436858177185,
54,eu-car-dataset/images/mini_cooper_2015/24111_1_86648566-32fa-6f59-e053-e350040aeb17_e67260a1-1359-4c7e-b70a-3af5741bba7a.jpg,no_auto,0.9999667406082153,
55,eu-car-dataset/images/mini_cooper_2015/24115_3_1dc82687-5bdb-4817-9fab-f3bf7112057d_9fc2d84e-f43e-4691-8ec6-9af6aa125db2.jpg,no_auto,0.9998364448547363,
56,eu-car-dataset/images/mini_cooper_2015/24104_5_e8d22028-f7ee-4b7c-a552-cc3a760dc90e_32829776-cbf1-4db0-9a6f-9bff56958582.jpg,auto,0.9842202663421631,
57,eu-car-dataset/images/mini_cooper_2015/24113_5_711fbb49-3a52-404a-a318-e8a044d5e6db_4d7e57f9-8318-44b3-94e3-0c9b1e83c853.jpg,auto,0.9793162941932678,
58,eu-car-dataset/images/mini_cooper_2015/24126_3_b0a0aa51-fcfd-4abb-ae24-6f7d922f67f1_528bea4b-5c6a-490b-a39e-4b4abe01742b.jpg,auto,0.9931818842887878,
59,eu-car-dataset/images/mini_cooper_2015/24100_7_1aafb523-7be8-4214-a5d2-7dc300a150a9_81375613-6c71-4568-927e-d90333f9f484.jpg,no_auto,0.9997093081474304,
60,eu-car-dataset/images/mini_cooper_2015/24115_4_1dc82687-5bdb-4817-9fab-f3bf7112057d_6ba8fd61-d235-4468-b39e-471a4a10d22e.jpg,no_auto,0.9999228715896606,
61,eu-car-dataset/images/mini_cooper_2015/24124_1_29048434-01b4-4ad5-8de9-8f5b12713db8_37f480c5-020b-4334-81c8-1795f69386d9.jpg,auto,0.9958940744400024,
62,eu-car-dataset/images/mini_cooper_2015/24108_6_ce88bb17-abf4-449b-b4f7-5167719bd281_75350ae7-9db7-427d-bdd7-68fd3cd4da13.jpg,no_auto,0.9999997615814209,
63,eu-car-dataset/images/mini_cooper_2015/24100_12_1aafb523-7be8-4214-a5d2-7dc300a150a9_dc47a644-8623-4857-87ec-9d245f47b5bf.jpg,no_auto,0.9995006322860718,
64,eu-car-dataset/images/mini_cooper_2015/24101_8_fa15fa5d-c9cb-4d8d-819d-3a2cd0a73d25_45068b1c-d99b-48d7-9013-0fe61916a370.jpg,no_auto,0.9951130747795105,
65,eu-car-dataset/images/mini_cooper_2015/24119_7_818b6aec-c9e4-4e60-ac14-4000e8678d06_3915a760-7c68-4c73-8400-442b46d260d6.jpg,no_auto,0.9999916553497314,
66,eu-car-dataset/images/mini_cooper_2015/24126_4_b0a0aa51-fcfd-4abb-ae24-6f7d922f67f1_c07ef107-4f69-4102-bef1-62d9bbccfaa4.jpg,auto,0.9955522418022156,
67,eu-car-dataset/images/mini_cooper_2015/24105_7_d6d0dd8c-bd2e-4412-8d12-376735e4800b_542ad5ab-8cec-4ec9-9d4b-868fdd6f5843.jpg,no_auto,0.9999567270278931,
68,eu-car-dataset/images/mini_cooper_2015/24112_14_f400aab3-2123-44cc-944f-5336e01f7bd2_17035566-03c2-4d09-a9f9-607c1a9c235e.jpg,no_auto,0.9969711303710938,
69,eu-car-dataset/images/mini_cooper_2015/24106_5_05b4de36-cf15-47af-a682-4f94b4aea94f_177ea4d6-60ca-4f77-a39f-a9c1e74ac113.jpg,auto,0.9529281854629517,
70,eu-car-dataset/images/mini_cooper_2015/24121_1_3402129c-c005-4f8f-bbbd-dcea1a65bb9a_6531ae8a-fa53-4075-b7cf-510528ddc334.jpg,auto,0.975134015083313,
71,eu-car-dataset/images/mini_cooper_2015/24106_9_05b4de36-cf15-47af-a682-4f94b4aea94f_ac68c1a3-fa51-4117-942b-d7eb68d29503.jpg,no_auto,0.9982675313949585,
72,eu-car-dataset/images/mini_cooper_2015/24104_9_e8d22028-f7ee-4b7c-a552-cc3a760dc90e_4bfdbd19-bf87-4adf-80ed-576c71926cf1.jpg,no_auto,0.9999616146087646,
73,eu-car-dataset/images/mini_cooper_2015/24127_1_773a10dc-e595-4d42-8e4f-53398988aceb_70a51356-9bae-4edf-a729-d200aa2a207f.jpg,auto,0.977155327796936,
74,eu-car-dataset/images/mini_cooper_2015/24120_13_f7d6211c-d338-4d5a-b010-48314acc1de2_7cf62465-0c32-4108-9b2f-6c47fff00e5f.jpg,no_auto,0.9806431531906128,
75,eu-car-dataset/images/mini_cooper_2015/24106_15_05b4de36-cf15-47af-a682-4f94b4aea94f_29c824b2-65d4-4ea6-9fc7-a63391708c65.jpg,no_auto,0.9426659345626831,
76,eu-car-dataset/images/mini_cooper_2015/24123_6_95c71c8f-2a59-400d-90e0-6c726bbdb6f5_1b81c972-f231-4731-9a8d-c95b2d43dbe5.jpg,no_auto,0.9999940395355225,
77,eu-car-dataset/images/mini_cooper_2015/24118_15_a3300028-7f87-4e1c-8718-6a1abacd84db_8737ccd3-6637-4d74-b124-372327c38869.jpg,no_auto,0.9998732805252075,
78,eu-car-dataset/images/mini_cooper_2015/24109_8_10d23703-601d-4db7-b1a6-a7c608c561bd_256d2761-8bdb-47f7-b688-bb0ede79acaa.jpg,auto,0.9910032749176025,
79,eu-car-dataset/images/mini_cooper_2015/24102_2_186bd97f-3e01-43fc-8dab-038232696b9e_966e9282-eb80-4617-b958-e6f4b62e660f.jpg,auto,0.9977439641952515,
80,eu-car-dataset/images/mini_cooper_2015/24102_9_186bd97f-3e01-43fc-8dab-038232696b9e_d6a49cf4-9b73-439f-9caa-6cc5b1a6ed19.jpg,no_auto,0.9999345541000366,
81,eu-car-dataset/images/mini_cooper_2015/24105_5_d6d0dd8c-bd2e-4412-8d12-376735e4800b_4b87ffac-6de4-4bb0-91ee-af78da2427a3.jpg,no_auto,0.9995014667510986,
82,eu-car-dataset/images/mini_cooper_2015/24105_8_d6d0dd8c-bd2e-4412-8d12-376735e4800b_c87b21ed-8443-4337-b341-eb1c2aedda8b.jpg,no_auto,0.9998871088027954,
83,eu-car-dataset/images/mini_cooper_2015/24116_6_955233ff-d812-4bed-a75c-0b88198fa203_d696906b-0da7-412f-9817-66257afd3d34.jpg,no_auto,0.9999862909317017,
84,eu-car-dataset/images/mini_cooper_2015/24123_12_95c71c8f-2a59-400d-90e0-6c726bbdb6f5_15dd76b7-e860-4e1e-9fa1-e45673573b06.jpg,no_auto,0.9965654015541077,
85,eu-car-dataset/images/mini_cooper_2015/24127_2_773a10dc-e595-4d42-8e4f-53398988aceb_84deada8-d07f-4d51-99e3-bd4b69a02caf.jpg,no_auto,0.9992333650588989,
86,eu-car-dataset/images/mini_cooper_2015/24104_15_e8d22028-f7ee-4b7c-a552-cc3a760dc90e_af83216b-91ac-470a-8ea5-994a79e938a5.jpg,no_auto,0.9983516931533813,
87,eu-car-dataset/images/mini_cooper_2015/24119_8_818b6aec-c9e4-4e60-ac14-4000e8678d06_f522e38e-4e6d-4e7e-b27a-60be5d006503.jpg,auto,0.9807109236717224,
88,eu-car-dataset/images/mini_cooper_2015/24125_2_dd908502-f6c9-43ee-b89a-f18b2af52630_094fc348-9526-4b75-8b67-182e99f7d7dd.jpg,auto,0.9810214042663574,
89,eu-car-dataset/images/mini_cooper_2015/24127_12_773a10dc-e595-4d42-8e4f-53398988aceb_c9d6d89b-5112-4243-8d19-a8af8b764596.jpg,no_auto,0.9998601675033569,
90,eu-car-dataset/images/mini_cooper_2015/24125_13_dd908502-f6c9-43ee-b89a-f18b2af52630_209344cb-9d60-4515-9f09-2c7341ae9271.jpg,no_auto,0.9991556406021118,
91,eu-car-dataset/images/mini_cooper_2015/24107_8_b7ad36ef-caef-4e62-aab2-96910da717f0_d898deaa-7782-4ad5-b9af-a8081f72b869.jpg,no_auto,0.92963045835495,
92,eu-car-dataset/images/mini_cooper_2015/24126_13_b0a0aa51-fcfd-4abb-ae24-6f7d922f67f1_6dba40c8-e4a0-4956-87d3-c7f61162880c.jpg,no_auto,0.9967267513275146,
93,eu-car-dataset/images/mini_cooper_2015/24108_15_ce88bb17-abf4-449b-b4f7-5167719bd281_be4c2c6b-37c6-469c-900b-ba54b2d02694.jpg,no_auto,0.9999918937683105,
94,eu-car-dataset/images/mini_cooper_2015/24106_1_05b4de36-cf15-47af-a682-4f94b4aea94f_e9b8fb74-7ff1-4226-bd66-7f4aafddc2b8.jpg,auto,0.9831006526947021,
95,eu-car-dataset/images/mini_cooper_2015/24109_1_10d23703-601d-4db7-b1a6-a7c608c561bd_bf117399-98c7-4658-a61e-65200a690bdd.jpg,auto,0.9264628887176514,
96,eu-car-dataset/images/mini_cooper_2015/24125_4_dd908502-f6c9-43ee-b89a-f18b2af52630_ebc0bfd5-12bd-4890-9c87-ce991856665c.jpg,auto,0.9870246648788452,
97,eu-car-dataset/images/mini_cooper_2015/24115_8_1dc82687-5bdb-4817-9fab-f3bf7112057d_d0ec6242-b865-4870-bdee-e6e6345187a7.jpg,auto,0.9890828132629395,
98,eu-car-dataset/images/mini_cooper_2015/24108_9_ce88bb17-abf4-449b-b4f7-5167719bd281_05a2536a-004d-4b56-845f-e6869269f0da.jpg,no_auto,0.9995463490486145,
99,eu-car-dataset/images/mini_cooper_2015/24117_4_8f2970e7-07e3-40e0-88c8-9dd069b9f459_3aed63b9-f8dc-487c-934c-f7d38533234d.jpg,no_auto,0.9980642199516296,
100,eu-car-dataset/images/mini_cooper_2015/24100_4_1aafb523-7be8-4214-a5d2-7dc300a150a9_013e906e-6881-4af4-b945-e16ba5047d1d.jpg,no_auto,0.9999980926513672,
101,eu-car-dataset/images/mini_cooper_2015/24111_3_86648566-32fa-6f59-e053-e350040aeb17_5076a30a-4890-4cab-a366-c7fe0f180d3f.jpg,auto,0.9878727197647095,
102,eu-car-dataset/images/mini_cooper_2015/24108_13_ce88bb17-abf4-449b-b4f7-5167719bd281_54ff549c-09a5-4d31-90c9-1daa5ecdd060.jpg,no_auto,0.9853827953338623,
103,eu-car-dataset/images/mini_cooper_2015/24109_14_10d23703-601d-4db7-b1a6-a7c608c561bd_8ce4e144-234a-4dac-b8d6-e196d841689c.jpg,no_auto,0.9999884366989136,
104,eu-car-dataset/images/mini_cooper_2015/24103_3_2ccddabd-bb75-4e05-ba52-3adffc7019d2_a31c2c73-eeb6-455a-abae-0ca31c4ea8b2.jpg,auto,0.9984619617462158,
105,eu-car-dataset/images/mini_cooper_2015/24108_2_ce88bb17-abf4-449b-b4f7-5167719bd281_a38b899e-7f8d-4fbc-b1a1-5a9780cc7168.jpg,auto,0.9964404702186584,
106,eu-car-dataset/images/mini_cooper_2015/24121_15_3402129c-c005-4f8f-bbbd-dcea1a65bb9a_9f65b0f5-a2c9-40b6-b6ac-42658bfbd208.jpg,no_auto,0.9958786964416504,
107,eu-car-dataset/images/mini_cooper_2015/24124_6_29048434-01b4-4ad5-8de9-8f5b12713db8_840f5beb-0903-436c-b6a1-81b30fccdc3d.jpg,no_auto,0.7077826857566833,
108,eu-car-dataset/images/mini_cooper_2015/24112_1_f400aab3-2123-44cc-944f-5336e01f7bd2_c2f4c0c9-ad2b-493a-b6ed-63bc77d29335.jpg,auto,0.9983295798301697,
109,eu-car-dataset/images/mini_cooper_2015/24109_11_10d23703-601d-4db7-b1a6-a7c608c561bd_74810121-ec13-4e3c-a4b7-620b59b84f5b.jpg,no_auto,0.9999897480010986,
110,eu-car-dataset/images/mini_cooper_2015/24113_9_711fbb49-3a52-404a-a318-e8a044d5e6db_35db91e9-2931-4ea9-8974-b161f1e92b22.jpg,no_auto,0.9998465776443481,
111,eu-car-dataset/images/mini_cooper_2015/24124_5_29048434-01b4-4ad5-8de9-8f5b12713db8_520960a1-2bff-4691-a9b1-df6f6dfa5702.jpg,auto,0.9955142140388489,
112,eu-car-dataset/images/mini_cooper_2015/24126_11_b0a0aa51-fcfd-4abb-ae24-6f7d922f67f1_46a516f7-b55b-4362-81fb-c24269bce140.jpg,no_auto,0.9999638795852661,
113,eu-car-dataset/images/mini_cooper_2015/24122_14_4fe7af2d-5e77-9c71-e053-e350040a9045_70b11faf-e0b2-4fba-adea-a42dadecbbc3.jpg,no_auto,0.9999982118606567,
114,eu-car-dataset/images/mini_cooper_2015/24106_7_05b4de36-cf15-47af-a682-4f94b4aea94f_b681f9f4-d132-4475-a764-1e7c865e9df2.jpg,no_auto,0.9172069430351257,
115,eu-car-dataset/images/mini_cooper_2015/24115_11_1dc82687-5bdb-4817-9fab-f3bf7112057d_9c12a8da-2b8b-4e2b-a47e-ea2722950c13.jpg,no_auto,0.9995840191841125,
116,eu-car-dataset/images/mini_cooper_2015/24101_11_fa15fa5d-c9cb-4d8d-819d-3a2cd0a73d25_b71dba13-79eb-49fd-aa79-143914b85276.jpg,no_auto,0.9999401569366455,
117,eu-car-dataset/images/mini_cooper_2015/24107_5_b7ad36ef-caef-4e62-aab2-96910da717f0_bfb1ecf2-c468-4bdc-886e-1496a8830443.jpg,auto,0.9286935329437256,
118,eu-car-dataset/images/mini_cooper_2015/24106_13_05b4de36-cf15-47af-a682-4f94b4aea94f_62e26aa8-48ba-4f4f-b31a-2a1d8971948d.jpg,no_auto,0.9998412132263184,
119,eu-car-dataset/images/mini_cooper_2015/24110_4_c8e6d125-b1bc-4940-b0ac-c969c17aa7f1_369482c3-f911-4aef-951d-b305b6d0050c.jpg,no_auto,0.999998927116394,
120,eu-car-dataset/images/mini_cooper_2015/24123_1_95c71c8f-2a59-400d-90e0-6c726bbdb6f5_9d586f8f-d209-4841-ac16-f4ff50597af8.jpg,auto,0.9959761500358582,
121,eu-car-dataset/images/mini_cooper_2015/24111_9_86648566-32fa-6f59-e053-e350040aeb17_1780c00b-50de-4806-8662-5a9253de4b8d.jpg,no_auto,0.999116837978363,
122,eu-car-dataset/images/mini_cooper_2015/24122_5_4fe7af2d-5e77-9c71-e053-e350040a9045_c4ca19ad-3ba2-402a-896b-48bd691681a3.jpg,no_auto,0.9944210648536682,
123,eu-car-dataset/images/mini_cooper_2015/24105_14_d6d0dd8c-bd2e-4412-8d12-376735e4800b_b77732d2-84e1-4ff8-8f2c-264298a2fa8d.jpg,no_auto,0.9906408190727234,
124,eu-car-dataset/images/mini_cooper_2015/24105_10_d6d0dd8c-bd2e-4412-8d12-376735e4800b_28bc3aeb-fa8c-4c87-9cf9-a3e9f729d98b.jpg,no_auto,0.9999786615371704,
125,eu-car-dataset/images/mini_cooper_2015/24123_9_95c71c8f-2a59-400d-90e0-6c726bbdb6f5_1cf5f07c-0bb9-4642-87e2-27669c9a1dd7.jpg,no_auto,0.9998773336410522,
126,eu-car-dataset/images/mini_cooper_2015/24104_10_e8d22028-f7ee-4b7c-a552-cc3a760dc90e_9188270e-f778-4555-a678-e70f39621fdb.jpg,no_auto,0.9998544454574585,
127,eu-car-dataset/images/mini_cooper_2015/24124_4_29048434-01b4-4ad5-8de9-8f5b12713db8_7fbb57fe-c504-4da7-a90f-658fb93e2ecd.jpg,auto,0.9969049096107483,
128,eu-car-dataset/images/mini_cooper_2015/24121_9_3402129c-c005-4f8f-bbbd-dcea1a65bb9a_574893fe-48c1-4385-82f9-1745d050a48d.jpg,no_auto,0.9958847165107727,
129,eu-car-dataset/images/mini_cooper_2015/24106_10_05b4de36-cf15-47af-a682-4f94b4aea94f_56d9c100-b5f4-49d7-b3b0-430021e8884f.jpg,no_auto,0.9997134804725647,
130,eu-car-dataset/images/mini_cooper_2015/24123_13_95c71c8f-2a59-400d-90e0-6c726bbdb6f5_69bef6a7-80ce-49da-ac67-81996485875f.jpg,no_auto,0.9999979734420776,
131,eu-car-dataset/images/mini_cooper_2015/24112_12_f400aab3-2123-44cc-944f-5336e01f7bd2_feccf1ed-233b-427c-b4a1-9dc86caa6ce3.jpg,no_auto,0.9997960925102234,
132,eu-car-dataset/images/mini_cooper_2015/24104_14_e8d22028-f7ee-4b7c-a552-cc3a760dc90e_701770f0-69b2-4911-beb5-52727a3e200c.jpg,no_auto,0.9995593428611755,
133,eu-car-dataset/images/mini_cooper_2015/24127_6_773a10dc-e595-4d42-8e4f-53398988aceb_139f7485-c116-4740-967a-c2ebb111c7d5.jpg,no_auto,0.9949089884757996,
134,eu-car-dataset/images/mini_cooper_2015/24108_1_ce88bb17-abf4-449b-b4f7-5167719bd281_9d52271e-22cd-4a95-964c-c88b46143cd0.jpg,auto,0.9953729510307312,
135,eu-car-dataset/images/mini_cooper_2015/24124_3_29048434-01b4-4ad5-8de9-8f5b12713db8_20eb788e-f5b6-415b-a393-a7ed98789649.jpg,auto,0.9968538880348206,
136,eu-car-dataset/images/mini_cooper_2015/24113_1_711fbb49-3a52-404a-a318-e8a044d5e6db_0fe80788-cf10-4e2c-bfcc-30c137f8b666.jpg,auto,0.9913607239723206,
137,eu-car-dataset/images/mini_cooper_2015/24124_13_29048434-01b4-4ad5-8de9-8f5b12713db8_d8ccbee9-d7c3-46d0-afca-f946b4934bd4.jpg,no_auto,0.9999538660049438,
138,eu-car-dataset/images/mini_cooper_2015/24112_13_f400aab3-2123-44cc-944f-5336e01f7bd2_c0d7ada9-015d-4c0b-9dfb-37ff9c5189b8.jpg,no_auto,0.9979420304298401,
139,eu-car-dataset/images/mini_cooper_2015/24112_6_f400aab3-2123-44cc-944f-5336e01f7bd2_25490c98-f1fd-4606-b854-7675429d58aa.jpg,no_auto,1.0,
140,eu-car-dataset/images/mini_cooper_2015/24116_11_955233ff-d812-4bed-a75c-0b88198fa203_ba03455f-e9dc-4ae8-af2a-8db238b662eb.jpg,auto,0.9985557198524475,
141,eu-car-dataset/images/mini_cooper_2015/24115_12_1dc82687-5bdb-4817-9fab-f3bf7112057d_4e1efb36-d398-49e6-a617-6cab87e8604a.jpg,no_auto,0.9988903403282166,
142,eu-car-dataset/images/mini_cooper_2015/24126_12_b0a0aa51-fcfd-4abb-ae24-6f7d922f67f1_f7a2a6ca-3cba-4586-ada2-f928232f5ede.jpg,no_auto,0.9998654127120972,
143,eu-car-dataset/images/mini_cooper_2015/24115_13_1dc82687-5bdb-4817-9fab-f3bf7112057d_0f238d12-9a25-4c92-a098-5b1ae8ac978d.jpg,no_auto,0.9995338916778564,
144,eu-car-dataset/images/mini_cooper_2015/24127_8_773a10dc-e595-4d42-8e4f-53398988aceb_c3a1bbda-55c2-48a0-96ac-1622ab86e65a.jpg,no_auto,0.9998519420623779,
145,eu-car-dataset/images/mini_cooper_2015/24108_10_ce88bb17-abf4-449b-b4f7-5167719bd281_20b4ab5f-67f9-4cef-8143-beee13fbc9df.jpg,no_auto,0.9973269701004028,
146,eu-car-dataset/images/mini_cooper_2015/24101_1_fa15fa5d-c9cb-4d8d-819d-3a2cd0a73d25_94e76726-5629-4742-8dda-dae209d5fcbe.jpg,auto,0.9751434326171875,
147,eu-car-dataset/images/mini_cooper_2015/24101_2_fa15fa5d-c9cb-4d8d-819d-3a2cd0a73d25_cb84022c-d390-40b7-92fb-b6e070215af6.jpg,auto,0.9950966238975525,
148,eu-car-dataset/images/mini_cooper_2015/24114_3_d723d90a-5085-437c-bde2-e2dc3f27a3ff_e15d7061-bda0-4361-a145-dbb1e30beccb.jpg,no_auto,0.9999464750289917,
149,eu-car-dataset/images/mini_cooper_2015/24115_10_1dc82687-5bdb-4817-9fab-f3bf7112057d_79254764-5f74-4eae-9a30-e4b8d86da920.jpg,no_auto,0.9999552965164185,
150,eu-car-dataset/images/mini_cooper_2015/24114_2_d723d90a-5085-437c-bde2-e2dc3f27a3ff_7b2184cc-7044-47b6-8db7-584da1b73a70.jpg,auto,0.999092698097229,
151,eu-car-dataset/images/mini_cooper_2015/24116_4_955233ff-d812-4bed-a75c-0b88198fa203_82f5ffd2-7e6a-4692-8da8-8bfc163539b4.jpg,no_auto,0.9998177886009216,
152,eu-car-dataset/images/mini_cooper_2015/24105_3_d6d0dd8c-bd2e-4412-8d12-376735e4800b_17400423-5714-4d9a-bba6-bfcd29a2d352.jpg,auto,0.995781660079956,
153,eu-car-dataset/images/mini_cooper_2015/24105_15_d6d0dd8c-bd2e-4412-8d12-376735e4800b_ed39aee8-d0e6-45b3-988a-36146b018e91.jpg,no_auto,0.9998761415481567,
154,eu-car-dataset/images/mini_cooper_2015/24119_4_818b6aec-c9e4-4e60-ac14-4000e8678d06_60161900-de6e-44f7-befd-eb28bfb551cf.jpg,no_auto,0.9999816417694092,
155,eu-car-dataset/images/mini_cooper_2015/24105_1_d6d0dd8c-bd2e-4412-8d12-376735e4800b_10af3158-6b38-4305-a1ed-dd6a966b8891.jpg,auto,0.9846267104148865,
156,eu-car-dataset/images/mini_cooper_2015/24124_10_29048434-01b4-4ad5-8de9-8f5b12713db8_b1d1ddc8-fbf0-4e18-b2f1-0b25d510f170.jpg,no_auto,0.9999995231628418,
157,eu-car-dataset/images/mini_cooper_2015/24119_9_818b6aec-c9e4-4e60-ac14-4000e8678d06_08f59573-fdb6-403d-9339-4b07a3f32c39.jpg,auto,0.9818084836006165,
158,eu-car-dataset/images/mini_cooper_2015/24121_11_3402129c-c005-4f8f-bbbd-dcea1a65bb9a_916c78e2-462a-42bd-9076-883aae087cdc.jpg,no_auto,0.999996542930603,
159,eu-car-dataset/images/mini_cooper_2015/24102_1_186bd97f-3e01-43fc-8dab-038232696b9e_0b5550ca-6a5a-4cb6-bb93-b420dba26dd6.jpg,auto,0.9946961402893066,
160,eu-car-dataset/images/mini_cooper_2015/24111_2_86648566-32fa-6f59-e053-e350040aeb17_a17002f9-02c8-432c-aab2-c3887148373c.jpg,auto,0.9959225654602051,
161,eu-car-dataset/images/mini_cooper_2015/24125_8_dd908502-f6c9-43ee-b89a-f18b2af52630_1cabf32c-5d92-441b-a3d7-443431b4b518.jpg,no_auto,0.9999003410339355,
162,eu-car-dataset/images/mini_cooper_2015/24124_8_29048434-01b4-4ad5-8de9-8f5b12713db8_caa6df20-af2a-4aec-9dd5-97da91116a3c.jpg,no_auto,0.9999767541885376,
163,eu-car-dataset/images/mini_cooper_2015/24105_11_d6d0dd8c-bd2e-4412-8d12-376735e4800b_449ebb41-0a0f-4620-b9e2-0c0d8558b8b4.jpg,no_auto,0.8607004880905151,
164,eu-car-dataset/images/mini_cooper_2015/24109_7_10d23703-601d-4db7-b1a6-a7c608c561bd_ec4e5d12-2ad8-4dda-9588-38e90aabb271.jpg,auto,0.9942196607589722,
165,eu-car-dataset/images/mini_cooper_2015/24120_10_f7d6211c-d338-4d5a-b010-48314acc1de2_4ef4fad0-bcea-4b74-afb3-33a38d7fcff7.jpg,no_auto,0.9993975162506104,
166,eu-car-dataset/images/mini_cooper_2015/24111_12_86648566-32fa-6f59-e053-e350040aeb17_185914c6-1069-4564-bd3d-0a50b8491f4e.jpg,no_auto,0.9999891519546509,
167,eu-car-dataset/images/mini_cooper_2015/24116_3_955233ff-d812-4bed-a75c-0b88198fa203_989fb9dd-e11e-495d-93cc-d733c5d5830a.jpg,no_auto,0.9997187256813049,
168,eu-car-dataset/images/mini_cooper_2015/24101_10_fa15fa5d-c9cb-4d8d-819d-3a2cd0a73d25_bf13f8fa-0617-4e3a-9cf2-e6249162fdbf.jpg,no_auto,0.9994358420372009,
169,eu-car-dataset/images/mini_cooper_2015/24121_5_3402129c-c005-4f8f-bbbd-dcea1a65bb9a_d5e46899-e86c-4e26-a492-2de267572ecb.jpg,auto,0.7927063703536987,
170,eu-car-dataset/images/mini_cooper_2015/24118_10_a3300028-7f87-4e1c-8718-6a1abacd84db_b3528943-f8b8-4fa7-9c34-f74824b4f4db.jpg,no_auto,0.9974695444107056,
171,eu-car-dataset/images/mini_cooper_2015/24127_7_773a10dc-e595-4d42-8e4f-53398988aceb_d535a66c-95d3-4b6a-81f2-2492a3197116.jpg,no_auto,0.9836744070053101,
172,eu-car-dataset/images/mini_cooper_2015/24123_11_95c71c8f-2a59-400d-90e0-6c726bbdb6f5_855b8f48-07b9-4ffc-9b5f-807c023c4d5e.jpg,no_auto,0.9998593330383301,
173,eu-car-dataset/images/mini_cooper_2015/24105_9_d6d0dd8c-bd2e-4412-8d12-376735e4800b_0ea91f25-5953-40b4-b88d-f2bceab7a410.jpg,no_auto,0.9996621608734131,
174,eu-car-dataset/images/mini_cooper_2015/24100_6_1aafb523-7be8-4214-a5d2-7dc300a150a9_9f7c6a94-6576-44fb-ae1c-7af7cd2eb423.jpg,no_auto,0.9993984699249268,
175,eu-car-dataset/images/mini_cooper_2015/24122_1_4fe7af2d-5e77-9c71-e053-e350040a9045_78ddc09f-c64e-4245-a004-cf3ac9ea1dc6.jpg,auto,0.9942973256111145,
176,eu-car-dataset/images/mini_cooper_2015/24120_3_f7d6211c-d338-4d5a-b010-48314acc1de2_3f52fa59-1d61-4fc9-8b64-2f550fcec6c4.jpg,auto,0.9982497096061707,
177,eu-car-dataset/images/mini_cooper_2015/24103_2_2ccddabd-bb75-4e05-ba52-3adffc7019d2_a130c9bb-fe07-4c8a-9848-3e63f9c871e4.jpg,auto,0.9945847392082214,
178,eu-car-dataset/images/mini_cooper_2015/24113_12_711fbb49-3a52-404a-a318-e8a044d5e6db_db32fef9-095e-4c49-aba8-ada8fe657db9.jpg,no_auto,0.9999642372131348,
179,eu-car-dataset/images/mini_cooper_2015/24102_12_186bd97f-3e01-43fc-8dab-038232696b9e_dd2d9964-3667-4a27-b973-c018b236ab5e.jpg,no_auto,0.9995630383491516,
180,eu-car-dataset/images/mini_cooper_2015/24120_1_f7d6211c-d338-4d5a-b010-48314acc1de2_eb8d88c4-3146-4f01-83d8-686c31357973.jpg,auto,0.9881546497344971,
181,eu-car-dataset/images/mini_cooper_2015/24121_14_3402129c-c005-4f8f-bbbd-dcea1a65bb9a_e661470f-8268-496c-859a-234f8357e054.jpg,no_auto,0.9427716732025146,
182,eu-car-dataset/images/mini_cooper_2015/24112_4_f400aab3-2123-44cc-944f-5336e01f7bd2_83ed5cd0-0faf-42bb-bab1-fc10eb98ff9a.jpg,no_auto,0.9999182224273682,
183,eu-car-dataset/images/mini_cooper_2015/24122_9_4fe7af2d-5e77-9c71-e053-e350040a9045_cd0d7e9e-2299-4df9-ae11-520bc971eac4.jpg,no_auto,0.9999462366104126,
184,eu-car-dataset/images/mini_cooper_2015/24126_5_b0a0aa51-fcfd-4abb-ae24-6f7d922f67f1_9459de9d-7eab-4a76-9afb-ea52c87939ef.jpg,no_auto,0.9999969005584717,
185,eu-car-dataset/images/mini_cooper_2015/24125_6_dd908502-f6c9-43ee-b89a-f18b2af52630_c65c6bcc-ff14-4c34-9136-10fd4409ff03.jpg,no_auto,0.9830407500267029,
186,eu-car-dataset/images/mini_cooper_2015/24107_1_b7ad36ef-caef-4e62-aab2-96910da717f0_21fe22f6-15e6-4ddf-a056-c8f187aedf24.jpg,auto,0.9779958724975586,
187,eu-car-dataset/images/mini_cooper_2015/24119_3_818b6aec-c9e4-4e60-ac14-4000e8678d06_d39d8205-616d-4566-b256-419122592197.jpg,no_auto,0.9999405145645142,
188,eu-car-dataset/images/mini_cooper_2015/24102_13_186bd97f-3e01-43fc-8dab-038232696b9e_2937928b-8655-49bb-8b04-7268c8ddd298.jpg,no_auto,0.9985548853874207,
189,eu-car-dataset/images/mini_cooper_2015/24112_9_f400aab3-2123-44cc-944f-5336e01f7bd2_b7a74836-27e6-4b1b-956d-7422c276c303.jpg,no_auto,0.991978645324707,
190,eu-car-dataset/images/mini_cooper_2015/24100_13_1aafb523-7be8-4214-a5d2-7dc300a150a9_b60c2075-d2d3-4cf0-abb8-5b69f4365809.jpg,no_auto,0.9999951124191284,
191,eu-car-dataset/images/mini_cooper_2015/24119_1_818b6aec-c9e4-4e60-ac14-4000e8678d06_fba34420-bb49-4430-9304-b274474b04be.jpg,auto,0.9776060581207275,
192,eu-car-dataset/images/mini_cooper_2015/24126_9_b0a0aa51-fcfd-4abb-ae24-6f7d922f67f1_3ffe04b3-0f69-47dd-bc7b-b629517f31e9.jpg,no_auto,0.9991582632064819,
193,eu-car-dataset/images/mini_cooper_2015/24101_14_fa15fa5d-c9cb-4d8d-819d-3a2cd0a73d25_efcf41fa-afa8-417e-ae19-172e160f2331.jpg,no_auto,0.9965924620628357,
194,eu-car-dataset/images/mini_cooper_2015/24100_2_1aafb523-7be8-4214-a5d2-7dc300a150a9_cd8fcef8-0224-4863-9bc5-6be378925c63.jpg,auto,0.9543898701667786,
195,eu-car-dataset/images/mini_cooper_2015/24123_7_95c71c8f-2a59-400d-90e0-6c726bbdb6f5_4459915b-8328-4807-9e2a-db02f2d1139f.jpg,auto,0.9945513606071472,
196,eu-car-dataset/images/mini_cooper_2015/24125_14_dd908502-f6c9-43ee-b89a-f18b2af52630_582481da-7288-4bb1-bc36-508882e557a5.jpg,no_auto,0.9889686107635498,
197,eu-car-dataset/images/mini_cooper_2015/24121_6_3402129c-c005-4f8f-bbbd-dcea1a65bb9a_b67f887a-fc03-4442-913c-55717dc634db.jpg,auto,0.9976491332054138,
198,eu-car-dataset/images/mini_cooper_2015/24122_12_4fe7af2d-5e77-9c71-e053-e350040a9045_c7245a79-fec6-4b0b-bd39-3b842c2087aa.jpg,no_auto,0.9994145631790161,
199,eu-car-dataset/images/mini_cooper_2015/24106_2_05b4de36-cf15-47af-a682-4f94b4aea94f_d037d5bb-fa05-476e-b241-156726b74173.jpg,auto,0.9700934886932373,
200,eu-car-dataset/images/mini_cooper_2015/24105_12_d6d0dd8c-bd2e-4412-8d12-376735e4800b_125a81d9-2828-4f16-802b-d86d08f14d51.jpg,no_auto,0.9953522682189941,
201,eu-car-dataset/images/mini_cooper_2015/24108_11_ce88bb17-abf4-449b-b4f7-5167719bd281_f70ee517-14cc-4989-8079-66a8bd5201ca.jpg,auto,0.9968376159667969,
202,eu-car-dataset/images/mini_cooper_2015/24110_1_c8e6d125-b1bc-4940-b0ac-c969c17aa7f1_c43cc2fb-36ab-438a-890a-3d06d214be35.jpg,auto,0.988373875617981,
203,eu-car-dataset/images/mini_cooper_2015/24111_7_86648566-32fa-6f59-e053-e350040aeb17_787bcef1-c040-4c93-9a1c-caa31163f790.jpg,auto,0.9974254965782166,
204,eu-car-dataset/images/mini_cooper_2015/24123_10_95c71c8f-2a59-400d-90e0-6c726bbdb6f5_27f67c23-f232-44dc-9fd6-7b49e58728e0.jpg,no_auto,0.9998382329940796,
205,eu-car-dataset/images/mini_cooper_2015/24109_6_10d23703-601d-4db7-b1a6-a7c608c561bd_5b4baf64-4430-4a32-96a5-d18bcc6268a9.jpg,auto,0.997391939163208,
206,eu-car-dataset/images/mini_cooper_2015/24114_4_d723d90a-5085-437c-bde2-e2dc3f27a3ff_cc088e81-c85a-4ec0-9168-093d19192f39.jpg,no_auto,0.9999816417694092,
207,eu-car-dataset/images/mini_cooper_2015/24124_14_29048434-01b4-4ad5-8de9-8f5b12713db8_00c7215e-f010-44c9-b07e-09223ee743da.jpg,no_auto,0.9945091605186462,
208,eu-car-dataset/images/mini_cooper_2015/24102_5_186bd97f-3e01-43fc-8dab-038232696b9e_af40ba75-8180-459d-9169-6601c32c35cf.jpg,no_auto,0.9997928738594055,
209,eu-car-dataset/images/mini_cooper_2015/24125_10_dd908502-f6c9-43ee-b89a-f18b2af52630_861c98c5-a6d0-4f28-b034-0d64490c58bb.jpg,no_auto,0.9999982118606567,
210,eu-car-dataset/images/mini_cooper_2015/24117_11_8f2970e7-07e3-40e0-88c8-9dd069b9f459_e84ce6ae-b31c-4d58-980a-4f1128d14e8d.jpg,no_auto,0.9953730702400208,
211,eu-car-dataset/images/mini_cooper_2015/24127_11_773a10dc-e595-4d42-8e4f-53398988aceb_5a7f7966-799d-44f8-991c-31661a981ffb.jpg,no_auto,0.9986509680747986,
212,eu-car-dataset/images/mini_cooper_2015/24103_1_2ccddabd-bb75-4e05-ba52-3adffc7019d2_e93ba90f-10b0-494e-a9ed-7e643ca1be9c.jpg,auto,0.9417438507080078,
213,eu-car-dataset/images/mini_cooper_2015/24127_4_773a10dc-e595-4d42-8e4f-53398988aceb_8a175482-4505-4655-ac9d-611cb0db90d4.jpg,no_auto,0.9940610527992249,
214,eu-car-dataset/images/mini_cooper_2015/24107_9_b7ad36ef-caef-4e62-aab2-96910da717f0_b1882902-6332-4c14-b20c-a064f668b8e8.jpg,no_auto,0.9983501434326172,
215,eu-car-dataset/images/mini_cooper_2015/24121_8_3402129c-c005-4f8f-bbbd-dcea1a65bb9a_a03bfd18-fb21-49eb-abc5-46bce00c4a42.jpg,auto,0.9992675185203552,
216,eu-car-dataset/images/mini_cooper_2015/24104_3_e8d22028-f7ee-4b7c-a552-cc3a760dc90e_65f870a8-9d57-4129-ab21-1d0b81c44269.jpg,auto,0.9786118865013123,
217,eu-car-dataset/images/mini_cooper_2015/24104_4_e8d22028-f7ee-4b7c-a552-cc3a760dc90e_7f297318-a432-47e2-842b-feae987a495c.jpg,auto,0.9936030507087708,
218,eu-car-dataset/images/mini_cooper_2015/24106_4_05b4de36-cf15-47af-a682-4f94b4aea94f_1978def7-cdb3-4c34-a74d-4da0e09ecd16.jpg,auto,0.9852664470672607,
219,eu-car-dataset/images/mini_cooper_2015/24106_12_05b4de36-cf15-47af-a682-4f94b4aea94f_30c6c63a-e2bd-47bb-acae-a75ad6e067ba.jpg,no_auto,0.9996393918991089,
220,eu-car-dataset/images/mini_cooper_2015/24122_8_4fe7af2d-5e77-9c71-e053-e350040a9045_3e63f8a2-adf6-45fa-ab8c-16ef5a4c27a7.jpg,no_auto,0.9999998807907104,
221,eu-car-dataset/images/mini_cooper_2015/24114_1_d723d90a-5085-437c-bde2-e2dc3f27a3ff_4c736600-5701-42ce-ad26-f7c641d52885.jpg,auto,0.998771607875824,
222,eu-car-dataset/images/mini_cooper_2015/24120_2_f7d6211c-d338-4d5a-b010-48314acc1de2_038e4836-3ece-4d1c-ac3c-abce37fb7485.jpg,auto,0.9967239499092102,
223,eu-car-dataset/images/mini_cooper_2015/24124_11_29048434-01b4-4ad5-8de9-8f5b12713db8_5bdab9dc-2c45-4f1a-ba47-89a09297d5f8.jpg,no_auto,0.9999966621398926,
224,eu-car-dataset/images/mini_cooper_2015/24122_10_4fe7af2d-5e77-9c71-e053-e350040a9045_4b95d44c-681e-413d-9c54-6dd78fd20cda.jpg,no_auto,0.9999977350234985,
225,eu-car-dataset/images/mini_cooper_2015/24100_9_1aafb523-7be8-4214-a5d2-7dc300a150a9_f45d92d4-d289-47bb-838a-fd21b258825d.jpg,no_auto,0.9988704323768616,
226,eu-car-dataset/images/mini_cooper_2015/24126_10_b0a0aa51-fcfd-4abb-ae24-6f7d922f67f1_24266990-72df-4218-89a8-0859ae648f97.jpg,no_auto,0.9993376135826111,
227,eu-car-dataset/images/mini_cooper_2015/24125_7_dd908502-f6c9-43ee-b89a-f18b2af52630_9829c918-74eb-45e7-ad8d-7f0bb3172d1e.jpg,no_auto,0.9999946355819702,
228,eu-car-dataset/images/mini_cooper_2015/24109_5_10d23703-601d-4db7-b1a6-a7c608c561bd_27138db9-ef2d-4ee9-b112-dc560cea88dd.jpg,auto,0.9852247834205627,
229,eu-car-dataset/images/mini_cooper_2015/24125_5_dd908502-f6c9-43ee-b89a-f18b2af52630_c5f5802e-7ec8-4aaf-b503-b8b859ce2da8.jpg,auto,0.9936947226524353,
230,eu-car-dataset/images/mini_cooper_2015/24100_11_1aafb523-7be8-4214-a5d2-7dc300a150a9_3bf49514-dc48-456b-bb2a-22305364bbf3.jpg,no_auto,0.9956989288330078,
231,eu-car-dataset/images/mini_cooper_2015/24102_11_186bd97f-3e01-43fc-8dab-038232696b9e_a9d2b54e-b2ff-4707-ad11-938ac09ebb8f.jpg,no_auto,0.9990144968032837,
232,eu-car-dataset/images/mini_cooper_2015/24106_11_05b4de36-cf15-47af-a682-4f94b4aea94f_366ab360-0bc1-429a-9514-8a0d0dd8d08d.jpg,no_auto,0.9991575479507446,
233,eu-car-dataset/images/mini_cooper_2015/24112_10_f400aab3-2123-44cc-944f-5336e01f7bd2_b4025ca7-a234-445b-a270-f38fc6003eb0.jpg,no_auto,0.9982559084892273,
234,eu-car-dataset/images/mini_cooper_2015/24118_4_a3300028-7f87-4e1c-8718-6a1abacd84db_a1ae9194-395d-49eb-abb2-220251257ace.jpg,auto,0.9772119522094727,
235,eu-car-dataset/images/mini_cooper_2015/24105_4_d6d0dd8c-bd2e-4412-8d12-376735e4800b_6f404727-3ba1-4050-a938-619c248b892a.jpg,no_auto,0.9455884099006653,
236,eu-car-dataset/images/mini_cooper_2015/24127_3_773a10dc-e595-4d42-8e4f-53398988aceb_b9f897f6-4fd9-4436-b077-c85b006bbab6.jpg,auto,0.990543782711029,
237,eu-car-dataset/images/mini_cooper_2015/24123_2_95c71c8f-2a59-400d-90e0-6c726bbdb6f5_32349eb4-bcbc-4426-92b2-ab67557b82d1.jpg,auto,0.996863842010498,
238,eu-car-dataset/images/mini_cooper_2015/24112_3_f400aab3-2123-44cc-944f-5336e01f7bd2_f790625c-d17a-430a-80d1-2924ecb98ab8.jpg,no_auto,0.999998927116394,
239,eu-car-dataset/images/mini_cooper_2015/24118_11_a3300028-7f87-4e1c-8718-6a1abacd84db_1038d70a-57a9-427c-adba-b367f19b58ad.jpg,no_auto,0.9987394213676453,
240,eu-car-dataset/images/mini_cooper_2015/24118_6_a3300028-7f87-4e1c-8718-6a1abacd84db_7ae2580c-5405-4a79-92ab-2e56b1c93bd9.jpg,auto,0.9891694784164429,
241,eu-car-dataset/images/mini_cooper_2015/24116_7_955233ff-d812-4bed-a75c-0b88198fa203_0291b60f-b9f7-481c-adeb-f455ccfe0962.jpg,no_auto,0.8618594408035278,
242,eu-car-dataset/images/mini_cooper_2015/24119_6_818b6aec-c9e4-4e60-ac14-4000e8678d06_962d4b65-d9e5-4513-8a13-d385f8dab3ee.jpg,no_auto,0.999976396560669,
243,eu-car-dataset/images/mini_cooper_2015/24124_12_29048434-01b4-4ad5-8de9-8f5b12713db8_d33fb83f-8f36-45c1-bb78-406719e715d4.jpg,no_auto,0.9999949932098389,
244,eu-car-dataset/images/mini_cooper_2015/24100_8_1aafb523-7be8-4214-a5d2-7dc300a150a9_95e3b483-d143-4b8c-b71a-fa5f0fcecd3b.jpg,no_auto,0.9986996650695801,
245,eu-car-dataset/images/mini_cooper_2015/24119_5_818b6aec-c9e4-4e60-ac14-4000e8678d06_581afddc-2f76-4565-b179-e18761332613.jpg,no_auto,0.9999994039535522,
246,eu-car-dataset/images/mini_cooper_2015/24120_15_f7d6211c-d338-4d5a-b010-48314acc1de2_802b9156-d024-45bb-be2a-12d92c760fc7.jpg,no_auto,0.9821972846984863,
247,eu-car-dataset/images/mini_cooper_2015/24110_7_c8e6d125-b1bc-4940-b0ac-c969c17aa7f1_eb982440-e6ff-4a42-a090-c8a9fc342ae6.jpg,no_auto,0.9999951124191284,
248,eu-car-dataset/images/mini_cooper_2015/24108_7_ce88bb17-abf4-449b-b4f7-5167719bd281_f760a69c-d0b0-4cc0-8d36-e33b6d4a2a38.jpg,no_auto,0.9999992847442627,
249,eu-car-dataset/images/mini_cooper_2015/24118_8_a3300028-7f87-4e1c-8718-6a1abacd84db_fde4d789-17b4-4d82-9858-72bee2c5bfcd.jpg,no_auto,0.9999847412109375,
250,eu-car-dataset/images/mini_cooper_2015/24127_5_773a10dc-e595-4d42-8e4f-53398988aceb_4fa0c348-f7d3-4b68-b155-3d09f2a97e58.jpg,no_auto,0.9999828338623047,
251,eu-car-dataset/images/mini_cooper_2015/24109_4_10d23703-601d-4db7-b1a6-a7c608c561bd_99d4fdc8-e6af-4d22-95ed-32fb44cc3ebd.jpg,auto,0.9927161335945129,
252,eu-car-dataset/images/mini_cooper_2015/24111_6_86648566-32fa-6f59-e053-e350040aeb17_e1c8cd29-1be3-421b-8a3c-fb009f240999.jpg,auto,0.9486241936683655,
253,eu-car-dataset/images/mini_cooper_2015/24112_2_f400aab3-2123-44cc-944f-5336e01f7bd2_9c689ce0-ffe3-4e4d-9c71-d72e34f928f6.jpg,auto,0.9982584118843079,
254,eu-car-dataset/images/mini_cooper_2015/24106_3_05b4de36-cf15-47af-a682-4f94b4aea94f_f4966b6b-0b39-4006-8d6d-b47f3df3a49d.jpg,auto,0.9679631590843201,
255,eu-car-dataset/images/mini_cooper_2015/24117_2_8f2970e7-07e3-40e0-88c8-9dd069b9f459_1180f787-1097-447b-81fd-8295bec95649.jpg,auto,0.9851651191711426,
256,eu-car-dataset/images/mini_cooper_2015/24104_2_e8d22028-f7ee-4b7c-a552-cc3a760dc90e_8e2de7d9-593c-4a58-ae60-5b9ad8e86bea.jpg,auto,0.9469097256660461,
257,eu-car-dataset/images/mini_cooper_2015/24125_11_dd908502-f6c9-43ee-b89a-f18b2af52630_0a5e31b3-1854-4a94-b7e9-554efbe80e1c.jpg,no_auto,0.9999607801437378,
258,eu-car-dataset/images/mini_cooper_2015/24115_15_1dc82687-5bdb-4817-9fab-f3bf7112057d_3be2bfd0-211e-499e-9322-afb5be240746.jpg,auto,0.9993277788162231,
259,eu-car-dataset/images/mini_cooper_2015/24114_7_d723d90a-5085-437c-bde2-e2dc3f27a3ff_5980c925-85cc-4cfb-a1f3-9add23eaf47e.jpg,no_auto,0.9999881982803345,
260,eu-car-dataset/images/mini_cooper_2015/24100_1_1aafb523-7be8-4214-a5d2-7dc300a150a9_ed15b8c3-a809-428e-8f1d-0eeaef961951.jpg,auto,0.9774245023727417,
261,eu-car-dataset/images/mini_cooper_2015/24100_10_1aafb523-7be8-4214-a5d2-7dc300a150a9_fa2f00cb-02cd-45c4-93ef-0537ad0c7501.jpg,no_auto,0.9961673617362976,
262,eu-car-dataset/images/mini_cooper_2015/24127_9_773a10dc-e595-4d42-8e4f-53398988aceb_a2a57f9c-57e1-40de-b4f6-a608f7894b56.jpg,no_auto,0.9997802376747131,
263,eu-car-dataset/images/mini_cooper_2015/24118_3_a3300028-7f87-4e1c-8718-6a1abacd84db_ec5ff4eb-0bdc-46ea-a946-3c719ea6080f.jpg,auto,0.9557536840438843,
264,eu-car-dataset/images/mini_cooper_2015/24111_5_86648566-32fa-6f59-e053-e350040aeb17_28c46076-e754-46da-8b4f-d65279abe9e3.jpg,no_auto,0.9999969005584717,
265,eu-car-dataset/images/mini_cooper_2015/24103_4_2ccddabd-bb75-4e05-ba52-3adffc7019d2_cdb8fe1c-9e7a-4965-8f3d-5e5d45d94e1b.jpg,auto,0.9390830397605896,
266,eu-car-dataset/images/mini_cooper_2015/24100_14_1aafb523-7be8-4214-a5d2-7dc300a150a9_5f920cf0-98d0-478d-b17b-d2674a333b3a.jpg,no_auto,0.9983616471290588,
267,eu-car-dataset/images/mini_cooper_2015/24103_8_2ccddabd-bb75-4e05-ba52-3adffc7019d2_1cf6c752-a13f-4c29-9099-18d21992f68e.jpg,no_auto,0.9999992847442627,
268,eu-car-dataset/images/mini_cooper_2015/24113_8_711fbb49-3a52-404a-a318-e8a044d5e6db_516173d7-cabf-47e6-bc8b-99bb9b7eda10.jpg,no_auto,0.9992952346801758,
269,eu-car-dataset/images/mini_cooper_2015/24107_3_b7ad36ef-caef-4e62-aab2-96910da717f0_6a3554a1-0f6b-4108-b5d2-abbc1a229765.jpg,auto,0.9943284392356873,
270,eu-car-dataset/images/mini_cooper_2015/24110_3_c8e6d125-b1bc-4940-b0ac-c969c17aa7f1_abf910ec-9923-43dd-aecd-10b84ab5fb1d.jpg,no_auto,0.9999982118606567,
271,eu-car-dataset/images/mini_cooper_2015/24118_13_a3300028-7f87-4e1c-8718-6a1abacd84db_cd618808-6f49-46d6-9c18-77e5313ea2cf.jpg,no_auto,0.9997774958610535,
272,eu-car-dataset/images/mini_cooper_2015/24104_13_e8d22028-f7ee-4b7c-a552-cc3a760dc90e_244099c8-14fa-46d2-b408-cab7935ca122.jpg,no_auto,0.9999942779541016,
273,eu-car-dataset/images/mini_cooper_2015/24101_12_fa15fa5d-c9cb-4d8d-819d-3a2cd0a73d25_66031c66-f066-4c90-bf37-e01f62bc7279.jpg,no_auto,0.9998120665550232,
274,eu-car-dataset/images/mini_cooper_2015/24104_12_e8d22028-f7ee-4b7c-a552-cc3a760dc90e_f66b9a8f-2ff9-497c-aa66-d485e43101f3.jpg,no_auto,0.9999244213104248,
275,eu-car-dataset/images/mini_cooper_2015/24114_6_d723d90a-5085-437c-bde2-e2dc3f27a3ff_1585ccf1-6548-4993-804e-e4f0f7a6eb59.jpg,no_auto,0.9977805018424988,
276,eu-car-dataset/images/mini_cooper_2015/24104_1_e8d22028-f7ee-4b7c-a552-cc3a760dc90e_f249aacd-1076-4af5-871e-4e6576fdd35f.jpg,auto,0.9614477157592773,
277,eu-car-dataset/images/mini_cooper_2015/24109_13_10d23703-601d-4db7-b1a6-a7c608c561bd_2dd5bdd0-5f2a-4635-bacc-8e2d6321f62b.jpg,no_auto,0.998058021068573,
278,eu-car-dataset/images/mini_cooper_2015/24104_8_e8d22028-f7ee-4b7c-a552-cc3a760dc90e_6b0ae0fe-9248-45cd-9687-32fb9ca0b808.jpg,no_auto,0.9999850988388062,
279,eu-car-dataset/images/mini_cooper_2015/24102_4_186bd97f-3e01-43fc-8dab-038232696b9e_98efce35-54aa-46be-a862-ca9ad4e9d7e6.jpg,auto,0.9988213181495667,
280,eu-car-dataset/images/mini_cooper_2015/24104_11_e8d22028-f7ee-4b7c-a552-cc3a760dc90e_93790cfb-d30b-478c-a2b0-21206aa30e16.jpg,no_auto,0.9999860525131226,
281,eu-car-dataset/images/mini_cooper_2015/24109_9_10d23703-601d-4db7-b1a6-a7c608c561bd_00a11186-6c28-4de3-912d-49185fd0b3cb.jpg,no_auto,0.9994421601295471,
282,eu-car-dataset/images/mini_cooper_2015/24111_15_86648566-32fa-6f59-e053-e350040aeb17_c9c1d2d1-b33e-41ac-a73e-211bee4abd9a.jpg,no_auto,0.9993510842323303,
283,eu-car-dataset/images/mini_cooper_2015/24120_7_f7d6211c-d338-4d5a-b010-48314acc1de2_27d8db1a-59dc-4eb5-8d29-73e3060eb517.jpg,auto,0.9991886019706726,
284,eu-car-dataset/images/mini_cooper_2015/24108_5_ce88bb17-abf4-449b-b4f7-5167719bd281_bdb348f9-1e74-4934-bb42-9c1668cf78f0.jpg,no_auto,0.999976396560669,
285,eu-car-dataset/images/mini_cooper_2015/24113_4_711fbb49-3a52-404a-a318-e8a044d5e6db_cc5bb7a4-b755-4843-b7b2-8609d0e11bd4.jpg,auto,0.6939424276351929,
286,eu-car-dataset/images/mini_cooper_2015/24108_8_ce88bb17-abf4-449b-b4f7-5167719bd281_2c662176-1c37-42cf-a06c-d8e5ff9ffd98.jpg,no_auto,0.9999994039535522,
287,eu-car-dataset/images/mini_cooper_2015/24116_9_955233ff-d812-4bed-a75c-0b88198fa203_b4ec14b9-4dcb-4e64-840e-3864a020a96e.jpg,no_auto,0.9995661377906799,
288,eu-car-dataset/images/mini_cooper_2015/24103_5_2ccddabd-bb75-4e05-ba52-3adffc7019d2_ecaaa663-f625-49dc-9ece-a06c7c0860af.jpg,auto,0.9983362555503845,
289,eu-car-dataset/images/mini_cooper_2015/24107_4_b7ad36ef-caef-4e62-aab2-96910da717f0_16541346-8a27-4354-a30d-7c99e2241dc5.jpg,auto,0.9967588782310486,
290,eu-car-dataset/images/mini_cooper_2015/24113_6_711fbb49-3a52-404a-a318-e8a044d5e6db_3947be69-0105-49d6-af14-c0eb15de44d2.jpg,no_auto,0.9353249669075012,
291,eu-car-dataset/images/mini_cooper_2015/24126_7_b0a0aa51-fcfd-4abb-ae24-6f7d922f67f1_d3eeef64-a29d-445a-b062-68a9f032a6ae.jpg,no_auto,0.9999620914459229,
292,eu-car-dataset/images/mini_cooper_2015/24116_12_955233ff-d812-4bed-a75c-0b88198fa203_396e7813-c22d-4618-a3d6-f2bcb2d74198.jpg,no_auto,0.9950961470603943,
293,eu-car-dataset/images/mini_cooper_2015/24106_6_05b4de36-cf15-47af-a682-4f94b4aea94f_b4c44744-69a3-4c0b-b341-3d7dcae390b7.jpg,auto,0.6272167563438416,
294,eu-car-dataset/images/mini_cooper_2015/24101_13_fa15fa5d-c9cb-4d8d-819d-3a2cd0a73d25_e77d45f6-0f52-400e-ad83-0072b8037189.jpg,no_auto,0.9998948574066162,
295,eu-car-dataset/images/mini_cooper_2015/24122_13_4fe7af2d-5e77-9c71-e053-e350040a9045_cb6f6224-cc17-48a0-965e-350b4736e496.jpg,no_auto,0.9992942810058594,
296,eu-car-dataset/images/mini_cooper_2015/24126_2_b0a0aa51-fcfd-4abb-ae24-6f7d922f67f1_aae7eb4e-c82e-4f6d-aa04-78546ec0dc74.jpg,auto,0.9993502497673035,
297,eu-car-dataset/images/mini_cooper_2015/24104_7_e8d22028-f7ee-4b7c-a552-cc3a760dc90e_a9f5ba57-5618-440d-8d31-e5355457c177.jpg,auto,0.9953734278678894,
298,eu-car-dataset/images/mini_cooper_2015/24117_7_8f2970e7-07e3-40e0-88c8-9dd069b9f459_ae0d0a62-e4c2-4352-8e21-3733f84be34f.jpg,no_auto,0.9963223934173584,
299,eu-car-dataset/images/mini_cooper_2015/24106_8_05b4de36-cf15-47af-a682-4f94b4aea94f_51331134-ede3-4df5-9bd3-237aea97036c.jpg,no_auto,0.9027604460716248,
300,eu-car-dataset/images/mini_cooper_2015/24101_5_fa15fa5d-c9cb-4d8d-819d-3a2cd0a73d25_b740f86a-3926-41e7-a8c7-ae216fad071b.jpg,auto,0.996250331401825,
301,eu-car-dataset/images/mini_cooper_2015/24122_15_4fe7af2d-5e77-9c71-e053-e350040a9045_475e7f13-47c9-4dae-9942-90047f0df070.jpg,no_auto,0.9999960660934448,
302,eu-car-dataset/images/mini_cooper_2015/24111_11_86648566-32fa-6f59-e053-e350040aeb17_eb983b3e-0d7d-4f1a-9836-f9ab9398dafb.jpg,auto,0.9962764382362366,
303,eu-car-dataset/images/mini_cooper_2015/24101_6_fa15fa5d-c9cb-4d8d-819d-3a2cd0a73d25_ded15b7a-f986-4333-b95c-6d3fd5a2dae8.jpg,auto,0.996013879776001,
304,eu-car-dataset/images/mini_cooper_2015/24109_12_10d23703-601d-4db7-b1a6-a7c608c561bd_1ab1f28f-4fda-4efb-8fcf-ac2242fc3c60.jpg,no_auto,0.9999996423721313,
305,eu-car-dataset/images/mini_cooper_2015/24120_4_f7d6211c-d338-4d5a-b010-48314acc1de2_81832389-cf57-4afe-b611-ce372de3f79e.jpg,auto,0.9884110689163208,
306,eu-car-dataset/images/mini_cooper_2015/24115_1_1dc82687-5bdb-4817-9fab-f3bf7112057d_e1c30ea6-6301-47bd-bac3-751756b16b27.jpg,auto,0.9968906044960022,
307,eu-car-dataset/images/mini_cooper_2015/24117_10_8f2970e7-07e3-40e0-88c8-9dd069b9f459_2f7198d6-259e-40e7-bdbc-5483bd282e85.jpg,no_auto,0.9997134804725647,
308,eu-car-dataset/images/mini_cooper_2015/24121_13_3402129c-c005-4f8f-bbbd-dcea1a65bb9a_91487524-019a-4d18-a02f-1fa3cc81f574.jpg,no_auto,0.9605587124824524,
309,eu-car-dataset/images/mini_cooper_2015/24124_7_29048434-01b4-4ad5-8de9-8f5b12713db8_55dc4c04-e198-49c8-9408-ff3a0fb1cff3.jpg,no_auto,0.9999831914901733,
310,eu-car-dataset/images/mini_cooper_2015/24112_11_f400aab3-2123-44cc-944f-5336e01f7bd2_c9cd619e-b7cc-4c5e-9e01-ba3154a9f643.jpg,no_auto,0.9991565942764282,
311,eu-car-dataset/images/mini_cooper_2015/24125_12_dd908502-f6c9-43ee-b89a-f18b2af52630_da32fbdb-609d-41b6-b702-7a1bd490d42c.jpg,no_auto,0.9999889135360718,
312,eu-car-dataset/images/mini_cooper_2015/24102_7_186bd97f-3e01-43fc-8dab-038232696b9e_2bc3bc8c-fe6d-44e2-85ca-ba3e481cb268.jpg,no_auto,0.9997351765632629,
313,eu-car-dataset/images/mini_cooper_2015/24119_2_818b6aec-c9e4-4e60-ac14-4000e8678d06_5886bf95-9a4e-4fbc-b6b2-458324b9bb45.jpg,auto,0.9613764882087708,
314,eu-car-dataset/images/mini_cooper_2015/24101_15_fa15fa5d-c9cb-4d8d-819d-3a2cd0a73d25_c88afcbb-2962-4fa6-a987-2fdfdfa3927d.jpg,no_auto,0.9999196529388428,
315,eu-car-dataset/images/mini_cooper_2015/24113_7_711fbb49-3a52-404a-a318-e8a044d5e6db_87c60c52-c149-4fe7-b8b2-83583275fec0.jpg,no_auto,0.9930239915847778,
316,eu-car-dataset/images/mini_cooper_2015/24124_9_29048434-01b4-4ad5-8de9-8f5b12713db8_7fd2f8e8-42ee-495d-a51f-25a5c6ad8130.jpg,no_auto,0.999903678894043,
317,eu-car-dataset/images/mini_cooper_2015/24102_8_186bd97f-3e01-43fc-8dab-038232696b9e_28f1d41a-7c54-4e08-a436-336c87bd8887.jpg,no_auto,0.9996910095214844,
318,eu-car-dataset/images/mini_cooper_2015/24122_6_4fe7af2d-5e77-9c71-e053-e350040a9045_c9ae5124-742e-4aba-801c-f32f0be2be01.jpg,no_auto,0.9965428709983826,
319,eu-car-dataset/images/mini_cooper_2015/24120_5_f7d6211c-d338-4d5a-b010-48314acc1de2_3e13bab4-75e8-461c-8531-239eea077a69.jpg,auto,0.8951761722564697,
320,eu-car-dataset/images/mini_cooper_2015/24127_13_773a10dc-e595-4d42-8e4f-53398988aceb_a38891c2-5303-4bb6-8cfe-96af9ff01c4b.jpg,no_auto,0.9999707937240601,
321,eu-car-dataset/images/mini_cooper_2015/24117_8_8f2970e7-07e3-40e0-88c8-9dd069b9f459_bc241b19-4db1-43b8-80ff-f2ac1bad9551.jpg,no_auto,0.9993355870246887,
322,eu-car-dataset/images/mini_cooper_2015/24109_10_10d23703-601d-4db7-b1a6-a7c608c561bd_f0cb778b-c1d7-45a2-8a48-9502071ceb58.jpg,no_auto,0.9999970197677612,
323,eu-car-dataset/images/mini_cooper_2015/24125_9_dd908502-f6c9-43ee-b89a-f18b2af52630_1658199d-34b2-4a6d-a7a9-846c09549e78.jpg,no_auto,0.9997872710227966,
324,eu-car-dataset/images/mini_cooper_2015/24105_13_d6d0dd8c-bd2e-4412-8d12-376735e4800b_e5410e20-25d4-46b2-9483-1df2c9dc4274.jpg,no_auto,0.99973064661026,
325,eu-car-dataset/images/mini_cooper_2015/24123_15_95c71c8f-2a59-400d-90e0-6c726bbdb6f5_e0d12f56-07d0-4a88-8b0f-ae935504c925.jpg,no_auto,0.9995356798171997,
326,eu-car-dataset/images/mini_cooper_2015/24116_13_955233ff-d812-4bed-a75c-0b88198fa203_b5c575b6-d827-4cc4-a2b7-2572936f8216.jpg,no_auto,0.9947444200515747,
327,eu-car-dataset/images/mini_cooper_2015/24123_3_95c71c8f-2a59-400d-90e0-6c726bbdb6f5_78fd1e76-e3e8-44ae-9045-a6d7d329282d.jpg,no_auto,0.9998304843902588,
328,eu-car-dataset/images/mini_cooper_2015/24111_8_86648566-32fa-6f59-e053-e350040aeb17_88e8957d-7ebd-44ac-a67f-23a73fefe8b1.jpg,no_auto,0.9937626719474792,
329,eu-car-dataset/images/mini_cooper_2015/24102_10_186bd97f-3e01-43fc-8dab-038232696b9e_84028100-00ed-4b7a-bde1-757983848235.jpg,no_auto,0.9993143081665039,
330,eu-car-dataset/images/mini_cooper_2015/24121_4_3402129c-c005-4f8f-bbbd-dcea1a65bb9a_2429d91b-c494-415d-8ef2-6624a4aa0fb7.jpg,auto,0.9662126302719116,
331,eu-car-dataset/images/mini_cooper_2015/24113_14_711fbb49-3a52-404a-a318-e8a044d5e6db_946cbdb9-ca92-437e-90f2-d5c03e4cad85.jpg,no_auto,0.9996641874313354,
332,eu-car-dataset/images/mini_cooper_2015/24118_9_a3300028-7f87-4e1c-8718-6a1abacd84db_a8ca6cda-8a05-4778-a338-74fbc10ae472.jpg,no_auto,0.9990637898445129,
333,eu-car-dataset/images/mini_cooper_2015/24101_3_fa15fa5d-c9cb-4d8d-819d-3a2cd0a73d25_e8308b8d-df0d-4f2d-b536-5ab7cb62c688.jpg,auto,0.9931179285049438,
334,eu-car-dataset/images/mini_cooper_2015/24115_6_1dc82687-5bdb-4817-9fab-f3bf7112057d_2801c996-a468-491f-b244-3da1582076c5.jpg,no_auto,0.9994184970855713,
335,eu-car-dataset/images/mini_cooper_2015/24112_5_f400aab3-2123-44cc-944f-5336e01f7bd2_3e99c6df-2f8b-4dd7-ba0f-f8e91e07c25e.jpg,no_auto,0.9999979734420776,
336,eu-car-dataset/images/mini_cooper_2015/24105_2_d6d0dd8c-bd2e-4412-8d12-376735e4800b_9ea1ca75-5e77-4414-98dc-926c244d4450.jpg,auto,0.9936109185218811,
337,eu-car-dataset/images/mini_cooper_2015/24124_2_29048434-01b4-4ad5-8de9-8f5b12713db8_fd293200-e262-4975-b3a0-6e9906f5d4ee.jpg,auto,0.9827066659927368,
338,eu-car-dataset/images/mini_cooper_2015/24122_7_4fe7af2d-5e77-9c71-e053-e350040a9045_9f4d652f-41b4-4809-89f4-a7901439d148.jpg,no_auto,0.9999841451644897,
339,eu-car-dataset/images/mini_cooper_2015/24121_12_3402129c-c005-4f8f-bbbd-dcea1a65bb9a_4ab1dfaf-70b4-4ffb-ab52-454e8fba584a.jpg,no_auto,0.9999879598617554,
340,eu-car-dataset/images/mini_cooper_2015/24126_1_b0a0aa51-fcfd-4abb-ae24-6f7d922f67f1_ac9443cd-934a-4db3-a72b-77b9392c69d4.jpg,auto,0.9978019595146179,
341,eu-car-dataset/images/mini_cooper_2015/24118_12_a3300028-7f87-4e1c-8718-6a1abacd84db_eac543a3-5444-4dd4-b13f-0d92b2ae8e94.jpg,no_auto,0.9999209642410278,
342,eu-car-dataset/images/mini_cooper_2015/24101_4_fa15fa5d-c9cb-4d8d-819d-3a2cd0a73d25_e9184b1a-0b8e-48d8-a721-e0304ae0998b.jpg,auto,0.962863564491272,
343,eu-car-dataset/images/mini_cooper_2015/24121_7_3402129c-c005-4f8f-bbbd-dcea1a65bb9a_44ed5ecb-d0e2-4fb0-8184-8017ba36f0c1.jpg,auto,0.9985356330871582,
344,eu-car-dataset/images/mini_cooper_2015/24108_3_ce88bb17-abf4-449b-b4f7-5167719bd281_62595ce3-bce9-4b6e-a3fa-ffcd7736c165.jpg,no_auto,0.999994158744812,
345,eu-car-dataset/images/mini_cooper_2015/24122_11_4fe7af2d-5e77-9c71-e053-e350040a9045_beba2ef5-591e-4b36-8eff-48fbc77f6f77.jpg,no_auto,0.9999998807907104,
346,eu-car-dataset/images/mini_cooper_2015/24118_1_a3300028-7f87-4e1c-8718-6a1abacd84db_b4f9f296-30d5-4af9-bdc1-bb558635cef6.jpg,auto,0.922620415687561,
347,eu-car-dataset/images/mini_cooper_2015/24115_14_1dc82687-5bdb-4817-9fab-f3bf7112057d_bee0398a-2739-4959-b694-fc418f1ca00b.jpg,auto,0.9992899894714355,
348,eu-car-dataset/images/mini_cooper_2015/24107_7_b7ad36ef-caef-4e62-aab2-96910da717f0_c8476da3-9625-442c-bab0-ca252b361ae1.jpg,no_auto,0.9981574416160583,
349,eu-car-dataset/images/mini_cooper_2015/24120_11_f7d6211c-d338-4d5a-b010-48314acc1de2_6b42d226-964c-473b-8cb5-9d0b9eff483c.jpg,no_auto,0.9999865293502808,
350,eu-car-dataset/images/mini_cooper_2015/24113_3_711fbb49-3a52-404a-a318-e8a044d5e6db_551d1087-0165-432f-98d6-549eb8bd03a1.jpg,auto,0.5611352920532227,
351,eu-car-dataset/images/mini_cooper_2015/24115_7_1dc82687-5bdb-4817-9fab-f3bf7112057d_50f6aac9-df99-44f9-9cfe-e1dcd2d0d17f.jpg,auto,0.9499323964118958,
352,eu-car-dataset/images/mini_cooper_2015/24109_2_10d23703-601d-4db7-b1a6-a7c608c561bd_2df6dad6-2ad7-450f-8c5e-9524b86b792e.jpg,auto,0.9496743083000183,
353,eu-car-dataset/images/mini_cooper_2015/24110_5_c8e6d125-b1bc-4940-b0ac-c969c17aa7f1_9b908b69-0966-48f0-b566-a3b4295a8c09.jpg,no_auto,0.999882698059082,
354,eu-car-dataset/images/mini_cooper_2015/24107_10_b7ad36ef-caef-4e62-aab2-96910da717f0_4b28d957-ddbb-4526-b82b-341623764f4f.jpg,no_auto,0.9965845346450806,
355,eu-car-dataset/images/mini_cooper_2015/24122_4_4fe7af2d-5e77-9c71-e053-e350040a9045_33146e9a-c741-4fb1-9c79-d7bcf9ee3216.jpg,auto,0.9967244267463684,
356,eu-car-dataset/images/mini_cooper_2015/24117_1_8f2970e7-07e3-40e0-88c8-9dd069b9f459_5249bcb4-3e1a-405c-a9fe-4c1dbdd9ca9b.jpg,auto,0.9968730807304382,
357,eu-car-dataset/images/mini_cooper_2015/24112_7_f400aab3-2123-44cc-944f-5336e01f7bd2_ab25d4a7-69ee-4cb8-9f70-b6bb3e1ac37c.jpg,no_auto,0.9998799562454224,
358,eu-car-dataset/images/mini_cooper_2015/24125_3_dd908502-f6c9-43ee-b89a-f18b2af52630_a14dba73-6418-4cf0-b035-fcd44b2e41c4.jpg,auto,0.9928820133209229,
359,eu-car-dataset/images/mini_cooper_2015/24106_14_05b4de36-cf15-47af-a682-4f94b4aea94f_62106cae-7fbc-41b0-be59-dc5728febabb.jpg,no_auto,0.9951668977737427,
360,eu-car-dataset/images/mini_cooper_2015/24120_6_f7d6211c-d338-4d5a-b010-48314acc1de2_f18bf3bd-dde6-4b19-a44f-17a412823689.jpg,auto,0.9982945322990417,
361,eu-car-dataset/images/mini_cooper_2015/24116_10_955233ff-d812-4bed-a75c-0b88198fa203_ba761a20-57a3-4b0d-b39f-7e641473ddeb.jpg,no_auto,0.9999951124191284,
362,eu-car-dataset/images/mini_cooper_2015/24117_3_8f2970e7-07e3-40e0-88c8-9dd069b9f459_f77c6489-a459-46b8-ab04-a6a496ae3122.jpg,no_auto,0.9817125201225281,
363,eu-car-dataset/images/mini_cooper_2015/24117_6_8f2970e7-07e3-40e0-88c8-9dd069b9f459_fca39d62-830b-4bdd-866b-7969aa4b7517.jpg,no_auto,0.9982688426971436,
364,eu-car-dataset/images/mini_cooper_2015/24123_5_95c71c8f-2a59-400d-90e0-6c726bbdb6f5_e56de231-5f1c-49c9-b2a8-0ff71cba3d3c.jpg,no_auto,0.9998881816864014,
365,eu-car-dataset/images/mini_cooper_2015/24123_14_95c71c8f-2a59-400d-90e0-6c726bbdb6f5_c7546637-79aa-4272-9ef8-34134cd411ec.jpg,no_auto,0.999854564666748,
366,eu-car-dataset/images/mini_cooper_2015/24120_9_f7d6211c-d338-4d5a-b010-48314acc1de2_6df67265-c6b8-4345-8238-8686a553aa0d.jpg,no_auto,0.9775199294090271,
367,eu-car-dataset/images/mini_cooper_2015/24111_10_86648566-32fa-6f59-e053-e350040aeb17_7166ff3d-a191-444e-a6d8-b4f6c4be3d15.jpg,auto,0.9747032523155212,
368,eu-car-dataset/images/mini_cooper_2015/24113_11_711fbb49-3a52-404a-a318-e8a044d5e6db_8a11a639-0b88-49a0-bc3c-667af9e2ab2d.jpg,no_auto,0.9997523427009583,
369,eu-car-dataset/images/mini_cooper_2015/24117_9_8f2970e7-07e3-40e0-88c8-9dd069b9f459_3bdf8f04-257d-48ca-b609-dd90fd5d101c.jpg,no_auto,0.999997615814209,
370,eu-car-dataset/images/mini_cooper_2015/24121_10_3402129c-c005-4f8f-bbbd-dcea1a65bb9a_60ecd55e-caf2-475a-a1f5-b67867ca1f79.jpg,no_auto,0.9991710186004639,
371,eu-car-dataset/images/mini_cooper_2015/24118_2_a3300028-7f87-4e1c-8718-6a1abacd84db_b2ee3399-faad-4b4a-b848-c701dba439dd.jpg,no_auto,0.9853286147117615,
